{
  "test": {
    "dataset": "test",
    "shape": [
      1000,
      9
    ],
    "mean": [
      2.409,
      0.349,
      0.081,
      201.196,
      29.597,
      3.845,
      22.538,
      0.63,
      8.649
    ],
    "std": [
      5.3977512910470535,
      1.0272287963253397,
      0.422420406704034,
      190.605890737931,
      71.41258006121889,
      6.562695711367415,
      42.64610833358649,
      3.295921722371424,
      30.670634147340216
    ],
    "min": [
      0,
      0,
      0,
      0,
      0,
      0,
      0,
      0,
      0
    ],
    "max": [
      79,
      14,
      8,
      1583,
      550,
      49,
      258,
      63,
      181
    ],
    "median": [
      1.0,
      0.0,
      0.0,
      152.0,
      2.0,
      1.0,
      7.0,
      0.0,
      0.0
    ],
    "q25": [
      0.0,
      0.0,
      0.0,
      60.0,
      0.0,
      0.0,
      2.0,
      0.0,
      0.0
    ],
    "q75": [
      2.0,
      0.0,
      0.0,
      285.25,
      17.0,
      5.0,
      19.25,
      0.0,
      0.0
    ],
    "n_zeros": [
      437,
      810,
      937,
      53,
      401,
      480,
      141,
      879,
      785
    ],
    "n_positives": [
      563,
      190,
      63,
      947,
      599,
      520,
      859,
      121,
      215
    ],
    "n_negatives": [
      0,
      0,
      0,
      0,
      0,
      0,
      0,
      0,
      0
    ],
    "missing_values": [
      0,
      0,
      0,
      0,
      0,
      0,
      0,
      0,
      0
    ],
    "skewness": [
      6.05903828317643,
      5.80954777365228,
      11.016117906641531,
      1.9211875241133796,
      3.3797112603651462,
      2.7449990883821527,
      3.0876432478589857,
      11.084657018017873,
      4.2973073457577
    ],
    "kurtosis": [
      56.84666940098103,
      50.67286443133418,
      169.8774202870522,
      6.417722809284893,
      12.072420060779958,
      9.713880979099375,
      9.251143691332217,
      164.46685603864483,
      18.46626132630324
    ]
  },
  "train": {
    "dataset": "train",
    "shape": [
      1000,
      9
    ],
    "mean": [
      1.53,
      0.198,
      0.076,
      112.974,
      8.709,
      1.198,
      7.843,
      0.257,
      3.268
    ],
    "std": [
      3.0471462058785357,
      0.832343679017272,
      0.45191149575995354,
      187.23806590541366,
      29.200656139888274,
      2.986770161897299,
      15.671641617903354,
      1.9897112855889458,
      13.310979528194066
    ],
    "min": [
      0,
      0,
      0,
      0,
      0,
      0,
      0,
      0,
      0
    ],
    "max": [
      28,
      10,
      8,
      1066,
      365,
      39,
      124,
      47,
      111
    ],
    "median": [
      0.0,
      0.0,
      0.0,
      49.0,
      0.0,
      0.0,
      2.0,
      0.0,
      0.0
    ],
    "q25": [
      0.0,
      0.0,
      0.0,
      15.0,
      0.0,
      0.0,
      0.0,
      0.0,
      0.0
    ],
    "q75": [
      2.0,
      0.0,
      0.0,
      118.0,
      3.0,
      1.0,
      8.0,
      0.0,
      0.0
    ],
    "n_zeros": [
      540,
      897,
      955,
      55,
      609,
      688,
      272,
      941,
      862
    ],
    "n_positives": [
      460,
      103,
      45,
      945,
      391,
      312,
      728,
      59,
      138
    ],
    "n_negatives": [
      0,
      0,
      0,
      0,
      0,
      0,
      0,
      0,
      0
    ],
    "missing_values": [
      0,
      0,
      0,
      0,
      0,
      0,
      0,
      0,
      0
    ],
    "skewness": [
      3.4879901367637687,
      7.2331857605650445,
      9.690417721544899,
      2.854529924666839,
      6.024048514461754,
      5.0805643268073615,
      3.969000528177557,
      15.721575391621084,
      5.2962308165051155
    ],
    "kurtosis": [
      15.322256919450927,
      65.87523245271242,
      126.03967682275285,
      7.734513724479809,
      46.06605288247535,
      40.54711286661521,
      18.92088149626316,
      323.01558658067876,
      30.488436119672272
    ]
  },
  "val": {
    "dataset": "val",
    "shape": [
      1000,
      9
    ],
    "mean": [
      2.01,
      1.465,
      0.8,
      169.451,
      50.515,
      5.358,
      48.481,
      2.894,
      69.933
    ],
    "std": [
      4.6439099905144525,
      3.5705426758407737,
      3.4044089061098393,
      176.60045752772007,
      83.87708730636743,
      10.415365380052641,
      87.45639850233924,
      11.711309235094145,
      144.33245134410984
    ],
    "min": [
      0,
      0,
      0,
      0,
      0,
      0,
      0,
      0,
      0
    ],
    "max": [
      57,
      23,
      23,
      1304,
      528,
      82,
      512,
      205,
      626
    ],
    "median": [
      0.0,
      0.0,
      0.0,
      127.0,
      8.0,
      1.0,
      14.0,
      0.0,
      0.0
    ],
    "q25": [
      0.0,
      0.0,
      0.0,
      15.0,
      0.0,
      0.0,
      3.0,
      0.0,
      0.0
    ],
    "q75": [
      2.0,
      1.0,
      0.0,
      246.0,
      60.25,
      6.0,
      55.0,
      1.0,
      45.0
    ],
    "n_zeros": [
      512,
      711,
      907,
      199,
      296,
      498,
      179,
      732,
      614
    ],
    "n_positives": [
      488,
      289,
      93,
      801,
      704,
      502,
      821,
      268,
      386
    ],
    "n_negatives": [
      0,
      0,
      0,
      0,
      0,
      0,
      0,
      0,
      0
    ],
    "missing_values": [
      0,
      0,
      0,
      0,
      0,
      0,
      0,
      0,
      0
    ],
    "skewness": [
      5.805781211558596,
      3.019376690998962,
      4.531308783465801,
      1.647718160791852,
      2.2258624105319904,
      3.2534440601675563,
      2.987284520373169,
      11.056860864505548,
      2.075931439707515
    ],
    "kurtosis": [
      45.692155811684636,
      9.092842980389216,
      19.541086991932303,
      4.645365143787727,
      5.615770752755052,
      13.446956428347098,
      9.180243756229022,
      160.6582714040388,
      3.0013853867558375
    ]
  }
}