{
  "Original (No Scaling)": {
    "mean": 29.255777777777777,
    "std": 113.62067554394194,
    "min": 