{
  "test": {
    "dataset": "test",
    "shape": [
      1000,
      9
    ],
    "mean": [
      1.221,
      0.162,
      0.041,
      144.169,
      17.161,
      1.958,
      14.394,
      0.479,
      5.401
    ],
    "std": [
      3.3538275149447156,
      0.5474997716894525,
      0.21288259675229398,
      122.08222818657912,
      50.18534725395478,
      4.115365840359792,
      18.45222924201853,
      2.527362063496264,
      16.9144967114011
    ],
    "min": [
      0,
      0,
      0,
      0,
      0,
      0,
      0,
      0,
      0
    ],
    "max": [
      41,
      9,
      2,
      661,
      363,
      39,
      86,
      27,
      86
    ],
    "median": [
      0.0,
      0.0,
      0.0,
      103.0,
      0.0,
      0.0,
      6.0,
      0.0,
      0.0
    ],
    "q25": [
      0.0,
      0.0,
      0.0,
      49.0,
      0.0,
      0.0,
      2.0,
      0.0,
      0.0
    ],
    "q75": [
      1.0,
      0.0,
      0.0,
      256.0,
      7.0,
      2.0,
      20.0,
      0.0,
      0.0
    ],
    "n_zeros": [
      609,
      879,
      962,
      50,
      512,
      600,
      116,
      911,
      782
    ],
    "n_positives": [
      391,
      121,
      38,
      950,
      488,
      400,
      884,
      89,
      218
    ],
    "n_negatives": [
      0,
      0,
      0,
      0,
      0,
      0,
      0,
      0,
      0
    ],
    "missing_values": [
      0,
      0,
      0,
      0,
      0,
      0,
      0,
      0,
      0
    ],
    "skewness": [
      7.429179900060493,
      6.810682964262488,
      5.538878553144725,
      0.8961221499089524,
      4.650983235286198,
      3.9893551302237427,
      1.5785620666548443,
      8.109097154567387,
      3.537425147092709
    ],
    "kurtosis": [
      71.3754865228103,
      79.52435606884761,
      33.099364354720905,
      0.4210441274416379,
      23.133428989542335,
      22.655879151491273,
      1.8060442869760158,
      74.65690009506424,
      11.71112048063789
    ]
  },
  "train": {
    "dataset": "train",
    "shape": [
      1000,
      9
    ],
    "mean": [
      2.767,
      0.579,
      0.239,
      189.593,
      27.685,
      4.99,
      19.19,
      1.123,
      17.136
    ],
    "std": [
      5.273775782112826,
      1.7227184912225346,
      1.540739757389288,
      272.38859989177234,
      68.64278385234662,
      11.435291863350049,
      49.44042778941141,
      5.477213799004024,
      70.25877528109946
    ],
    "min": [
      0,
      0,
      0,
      0,
      0,
      0,
      0,
      0,
      0
    ],
    "max": [
      52,
      21,
      19,
      2736,
      770,
      103,
      505,
      119,
      575
    ],
    "median": [
      1.0,
      0.0,
      0.0,
      79.0,
      1.0,
      0.0,
      5.0,
      0.0,
      0.0
    ],
    "q25": [
      0.0,
      0.0,
      0.0,
      22.0,
      0.0,
      0.0,
      1.0,
      0.0,
      0.0
    ],
    "q75": [
      3.0,
      0.0,
      0.0,
      230.0,
      17.0,
      4.0,
      15.0,
      0.0,
      0.0
    ],
    "n_zeros": [
      428,
      782,
      923,
      62,
      470,
      525,
      199,
      839,
      781
    ],
    "n_positives": [
      572,
      218,
      77,
      938,
      530,
      475,
      801,
      161,
      219
    ],
    "n_negatives": [
      0,
      0,
      0,
      0,
      0,
      0,
      0,
      0,
      0
    ],
    "missing_values": [
      0,
      0,
      0,
      0,
      0,
      0,
      0,
      0,
      0
    ],
    "skewness": [
      4.043460699402475,
      5.157336216457836,
      9.824444781653279,
      2.8583906182982672,
      4.227205893231425,
      4.191378629284369,
      6.062083561500577,
      12.551179939756068,
      5.473124887365243
    ],
    "kurtosis": [
      23.763074575534812,
      35.90934227594795,
      103.88591961255406,
      12.742198550253423,
      24.89348183884498,
      22.867059607759295,
      45.46586307696074,
      228.44531769232435,
      31.642123562025873
    ]
  },
  "val": {
    "dataset": "val",
    "shape": [
      1000,
      9
    ],
    "mean": [
      0.609,
      0.102,
      0.03,
      90.964,
      34.361,
      0.377,
      33.783,
      0.088,
      18.047
    ],
    "std": [
      1.7955831921690348,
      0.4261408217948555,
      0.3018277654557337,
      81.53741904181182,
      70.21139992195,
      0.9964291244238017,
      47.62289271978332,
      0.5350289711781989,
      40.59096932816465
    ],
    "min": [
      0,
      0,
      0,
      0,
      0,
      0,
      0,
      0,
      0
    ],
    "max": [
      22,
      6,
      6,
      425,
      234,
      7,
      179,
      7,
      135
    ],
    "median": [
      0.0,
      0.0,
      0.0,
      66.0,
      0.0,
      0.0,
      3.0,
      0.0,
      0.0
    ],
    "q25": [
      0.0,
      0.0,
      0.0,
      16.75,
      0.0,
      0.0,
      0.0,
      0.0,
      0.0
    ],
    "q75": [
      1.0,
      0.0,
      0.0,
      173.0,
      7.0,
      0.0,
      37.25,
      0.0,
      0.0
    ],
    "n_zeros": [
      716,
      927,
      985,
      204,
      623,
      813,
      296,
      955,
      762
    ],
    "n_positives": [
      284,
      73,
      15,
      796,
      377,
      187,
      704,
      45,
      238
    ],
    "n_negatives": [
      0,
      0,
      0,
      0,
      0,
      0,
      0,
      0,
      0
    ],
    "missing_values": [
      0,
      0,
      0,
      0,
      0,
      0,
      0,
      0,
      0
    ],
    "skewness": [
      7.407104579474153,
      6.100354983762013,
      13.468245018869812,
      0.4959208007475655,
      1.7802106741397832,
      3.4605572716244657,
      1.220995116812776,
      8.66923827933509,
      2.0988602236637806
    ],
    "kurtosis": [
      72.14463436317874,
      52.58683511409534,
      211.95626191566356,
      -0.9203825463320725,
      1.3862440541968586,
      13.210269403330342,
      -0.14908335183486443,
      87.28501232524016,
      2.65810878084621
    ]
  }
}