{
  "Original (No Scaling)": {
    "mean": 22.477555555555554,
    "std": 104.18806365106333,
    "min": 0.0,
    "max": 1760.0,
    "range": 1760.0
  },
  "StandardScaler": {
    "mean": 3.1579677144893343e-18,
    "std": 0.4714045207910313,
    "min": -0.7936440616329931,
    "max": 7.984358859878684,
    "range": 8.778002921511677
  },
  "MinMaxScaler": {
    "mean": 0.01979619733434401,
    "std": 0.07253836976355248,
    "min": 0.0,
    "max": 1.0,
    "range": 1.0
  },
  "RobustScaler": {
    "mean": 0.1229260731904867,
    "std": 0.7121377505091595,
    "min": -0.3333333333333333,
    "max": 14.666666666666666,
    "range": 15.0
  }
}