{
  "Original (No Scaling)": {
    "mean": 21.75188888888889,
    "std": 101.64385698653295,
    "min": 0.0,
    "max": 1794.0,
    "range": 1794.0
  },
  "StandardScaler": {
    "mean": 7.894919286223336e-19,
    "std": 0.4714045207910309,
    "min": -0.7826466942429016,
    "max": 9.371749091684599,
    "range": 10.1543957859275
  },
  "MinMaxScaler": {
    "mean": 0.01793254012517816,
    "std": 0.06696981457860238,
    "min": 0.0,
    "max": 1.0,
    "range": 1.0
  },
  "RobustScaler": {
    "mean": 0.12239712548369264,
    "std": 0.7356405453449852,
    "min": -0.3333333333333333,
    "max": 18.0,
    "range": 18.333333333333332
  }
}