{
  "test": {
    "dataset": "test",
    "shape": [
      1000,
      9
    ],
    "mean": [
      0.21,
      0.037,
      0.005,
      58.036,
      9.764,
      0.411,
      9.921,
      0.064,
      7.078
    ],
    "std": [
      0.6276145313805263,
      0.2600596085515777,
      0.07053367989832925,
      43.99837160623108,
      23.180256771658208,
      1.0218018398887252,
      21.35749889383118,
      0.5019003885234623,
      23.659203621424055
    ],
    "min": [
      0,
      0,
      0,
      0,
      0,
      0,
      0,
      0,
      0
    ],
    "max": [
      6,
      6,
      1,
      252,
      130,
      6,
      117,
      12,
      119
    ],
    "median": [
      0.0,
      0.0,
      0.0,
      54.0,
      0.0,
      0.0,
      4.0,
      0.0,
      0.0
    ],
    "q25": [
      0.0,
      0.0,
      0.0,
      23.0,
      0.0,
      0.0,
      1.0,
      0.0,
      0.0
    ],
    "q75": [
      0.0,
      0.0,
      0.0,
      79.25,
      2.0,
      0.0,
      8.0,
      0.0,
      0.0
    ],
    "n_zeros": [
      854,
      969,
      995,
      92,
      627,
      801,
      195,
      965,
      826
    ],
    "n_positives": [
      146,
      31,
      5,
      908,
      373,
      199,
      805,
      35,
      174
    ],
    "n_negatives": [
      0,
      0,
      0,
      0,
      0,
      0,
      0,
      0,
      0
    ],
    "missing_values": [
      0,
      0,
      0,
      0,
      0,
      0,
      0,
      0,
      0
    ],
    "skewness": [
      4.572001360360542,
      13.976000642156597,
      14.056942064004696,
      0.8555324293154084,
      2.512440459002361,
      3.021123224031455,
      3.6916242184049746,
      15.853585138088873,
      3.634456022801541
    ],
    "kurtosis": [
      27.822314674094418,
      283.53994018300875,
      195.98959616384514,
      0.7856949140656857,
      5.286050023914807,
      9.37782654446753,
      12.941404899402448,
      334.36583565011904,
      11.982225906204658
    ]
  },
  "train": {
    "dataset": "train",
    "shape": [
      1000,
      9
    ],
    "mean": [
      0.252,
      0.046,
      0.016,
      38.865,
      4.836,
      0.243,
      5.267,
      0.063,
      3.456
    ],
    "std": [
      0.571398284911674,
      0.2188241302964557,
      0.1254750971308658,
      35.58233796422033,
      13.886652008313623,
      0.6387104195173275,
      9.046419789065693,
      0.30500983590697317,
      12.750610338332747
    ],
    "min": [
      0,
      0,
      0,
      0,
      0,
      0,
      0,
      0,
      0
    ],
    "max": [
      5,
      2,
      1,
      202,
      149,
      8,
      74,
      4,
      124
    ],
    "median": [
      0.0,
      0.0,
      0.0,
      30.0,
      0.0,
      0.0,
      2.0,
      0.0,
      0.0
    ],
    "q25": [
      0.0,
      0.0,
      0.0,
      14.0,
      0.0,
      0.0,
      0.0,
      0.0,
      0.0
    ],
    "q75": [
      0.0,
      0.0,
      0.0,
      56.0,
      1.0,
      0.0,
      6.0,
      0.0,
      0.0
    ],
    "n_zeros": [
      802,
      956,
      984,
      102,
      655,
      824,
      279,
      951,
      829
    ],
    "n_positives": [
      198,
      44,
      16,
      898,
      345,
      176,
      721,
      49,
      171
    ],
    "n_negatives": [
      0,
      0,
      0,
      0,
      0,
      0,
      0,
      0,
      0
    ],
    "missing_values": [
      0,
      0,
      0,
      0,
      0,
      0,
      0,
      0,
      0
    ],
    "skewness": [
      2.8085032485101222,
      4.902739595719882,
      7.726272469073258,
      1.6011939406026838,
      4.750952887049665,
      4.325049470526076,
      4.046863376439486,
      6.0413075654855986,
      5.473670198695275
    ],
    "kurtosis": [
      10.437262365308026,
      25.021368667433176,
      57.81090430242773,
      3.375067876940054,
      30.833350300475495,
      30.647156113847743,
      21.468844751823273,
      46.18472930304515,
      34.880989741373185
    ]
  },
  "val": {
    "dataset": "val",
    "shape": [
      1000,
      9
    ],
    "mean": [
      0.203,
      0.032,
      0.014,
      42.774,
      6.882,
      0.256,
      6.809,
      0.055,
      3.989
    ],
    "std": [
      0.683952483729673,
      0.1815929514050594,
      0.11749042514179762,
      35.50880065561215,
      16.882063736403797,
      0.8570087514138834,
      8.854406755960541,
      0.33760183648789216,
      10.528669384115018
    ],
    "min": [
      0,
      0,
      0,
      0,
      0,
      0,
      0,
      0,
      0
    ],
    "max": [
      10,
      2,
      1,
      236,
      127,
      14,
      55,
      5,
      61
    ],
    "median": [
      0.0,
      0.0,
      0.0,
      39.0,
      0.0,
      0.0,
      3.0,
      0.0,
      0.0
    ],
    "q25": [
      0.0,
      0.0,
      0.0,
      16.0,
      0.0,
      0.0,
      0.0,
      0.0,
      0.0
    ],
    "q75": [
      0.0,
      0.0,
      0.0,
      59.0,
      2.0,
      0.0,
      9.0,
      0.0,
      0.0
    ],
    "n_zeros": [
      871,
      969,
      986,
      131,
      623,
      848,
      258,
      964,
      795
    ],
    "n_positives": [
      129,
      31,
      14,
      869,
      377,
      152,
      742,
      36,
      205
    ],
    "n_negatives": [
      0,
      0,
      0,
      0,
      0,
      0,
      0,
      0,
      0
    ],
    "missing_values": [
      0,
      0,
      0,
      0,
      0,
      0,
      0,
      0,
      0
    ],
    "skewness": [
      6.065577033076952,
      5.820411009915266,
      8.285447932156567,
      1.0452731910172959,
      3.1165889124771127,
      7.626369696875561,
      2.0259954932290665,
      8.433736085665604,
      2.9859492378563797
    ],
    "kurtosis": [
      56.92684284766724,
      35.200067116626236,
      66.78220811609448,
      1.3751140631248524,
      11.007792292930628,
      90.76140092427976,
      4.727944023652993,
      87.63671187544942,
      8.461799529363034
    ]
  }
}