{
  "Original (No Scaling)": {
    "mean": 20.864444444444445,
    "std": 99.81337397709467,
    "min": 0.0,
    "max": 1932.0,
    "range": 1932.0
  },
  "StandardScaler": {
    "mean": 2.565848768022584e-18,
    "std": 0.47140452079103173,
    "min": -0.7556822714600281,
    "max": 10.146433524027053,
    "range": 10.90211579548708
  },
  "MinMaxScaler": {
    "mean": 0.01594227354449764,
    "std": 0.06130281401967915,
    "min": 0.0,
    "max": 1.0,
    "range": 1.0
  },
  "RobustScaler": {
    "mean": 0.11480094562647754,
    "std": 0.7206845597558696,
    "min": -0.3333333333333333,
    "max": 18.666666666666668,
    "range": 19.0
  }
}