{
  "Original (No Scaling)": {
    "mean": 21.882444444444445,
    "std": 105.04869115807531,
    "min": 0.0,
    "max": 2138.0,
    "range": 2138.0
  },
  "StandardScaler": {
    "mean": -3.651400169878293e-18,
    "std": 0.47140452079103223,
    "min": -0.7540791695711289,
    "max": 9.604446633523905,
    "range": 10.358525803095034
  },
  "MinMaxScaler": {
    "mean": 0.01565026672905943,
    "std": 0.060282857676331764,
    "min": 0.0,
    "max": 1.0,
    "range": 1.0
  },
  "RobustScaler": {
    "mean": 0.10876593776593778,
    "std": 0.6781946361011318,
    "min": -0.3333333333333333,
    "max": 16.333333333333332,
    "range": 16.666666666666664
  }
}