{
  "Original (No Scaling)": {
    "mean": 4.4831111111111115,
    "std": 13.995052430884632,
    "min": 