{
  "Original (No Scaling)": {
    "mean": 22.907,
    "std": 105.55887728288049,
    "min": 0.0,
    "max": 1862.0,
    "range": 1862.0
  },
  "StandardScaler": {
    "mean": 3.1579677144893343e-18,
    "std": 0.47140452079103046,
    "min": -0.8015239407537783,
    "max": 8.424221974868152,
    "range": 9.22574591562193
  },
  "MinMaxScaler": {
    "mean": 0.018845464654606243,
    "std": 0.06922972270814019,
    "min": 0.0,
    "max": 1.0,
    "range": 1.0
  },
  "RobustScaler": {
    "mean": 0.11879772839506171,
    "std": 0.7034332531269164,
    "min": -0.3333333333333333,
    "max": 15.666666666666666,
    "range": 16.0
  }
}