{
  "test": {
    "dataset": "test",
    "shape": [
      1000,
      9
    ],
    "mean": [
      2.585,
      0.0,
      0.0,
      219.394,
      0.0,
      0.0,
      0.0,
      0.0,
      0.0
    ],
    "std": [
      5.6342501719394695,
      0.0,
      0.0,
      184.88140729667748,
      0.0,
      0.0,
      0.0,
      0.0,
      0.0
    ],
    "min": [
      0.0,
      0.0,
      0.0,
      4.0,
      0.0,
      0.0,
      0.0,
      0.0,
      0.0
    ],
    "max": [
      82.0,
      0.0,
      0.0,
      1523.0,
      0.0,
      0.0,
      0.0,
      0.0,
      0.0
    ],
    "median": [
      1.0,
      0.0,
      0.0,
      175.0,
      0.0,
      0.0,
      0.0,
      0.0,
      0.0
    ],
    "q25": [
      0.0,
      0.0,
      0.0,
      84.0,
      0.0,
      0.0,
      0.0,
      0.0,
      0.0
    ],
    "q75": [
      3.0,
      0.0,
      0.0,
      302.0,
      0.0,
      0.0,
      0.0,
      0.0,
      0.0
    ],
    "n_zeros": [
      397,
      1000,
      1000,
      0,
      1000,
      1000,
      1000,
      1000,
      1000
    ],
    "n_positives": [
      603,
      0,
      0,
      1000,
      0,
      0,
      0,
      0,
      0
    ],
    "n_negatives": [
      0,
      0,
      0,
      0,
      0,
      0,
      0,
      0,
      0
    ],
    "missing_values": [
      0,
      0,
      0,
      0,
      0,
      0,
      0,
      0,
      0
    ],
    "skewness": [
      6.228765204065387,
      0.0,
      0.0,
      1.9117692327992912,
      0.0,
      0.0,
      0.0,
      0.0,
      0.0
    ],
    "kurtosis": [
      58.894384008204014,
      0.0,
      0.0,
      5.756876170835978,
      0.0,
      0.0,
      0.0,
      0.0,
      0.0
    ]
  },
  "train": {
    "dataset": "train",
    "shape": [
      1000,
      9
    ],
    "mean": [
      2.517,
      0.0,
      0.0,
      194.425,
      0.0,
      0.0,
      0.0,
      0.0,
      0.0
    ],
    "std": [
      4.943855883821838,
      0.0,
      0.0,
      256.5048973704015,
      0.0,
      0.0,
      0.0,
      0.0,
      0.0
    ],
    "min": [
      0.0,
      0.0,
      0.0,
      1.0,
      0.0,
      0.0,
      0.0,
      0.0,
      0.0
    ],
    "max": [
      50.0,
      0.0,
      0.0,
      2138.0,
      0.0,
      0.0,
      0.0,
      0.0,
      0.0
    ],
    "median": [
      1.0,
      0.0,
      0.0,
      76.0,
      0.0,
      0.0,
      0.0,
      0.0,
      0.0
    ],
    "q25": [
      0.0,
      0.0,
      0.0,
      28.0,
      0.0,
      0.0,
      0.0,
      0.0,
      0.0
    ],
    "q75": [
      3.0,
      0.0,
      0.0,
      278.25,
      0.0,
      0.0,
      0.0,
      0.0,
      0.0
    ],
    "n_zeros": [
      440,
      1000,
      1000,
      0,
      1000,
      1000,
      1000,
      1000,
      1000
    ],
    "n_positives": [
      560,
      0,
      0,
      1000,
      0,
      0,
      0,
      0,
      0
    ],
    "n_negatives": [
      0,
      0,
      0,
      0,
      0,
      0,
      0,
      0,
      0
    ],
    "missing_values": [
      0,
      0,
      0,
      0,
      0,
      0,
      0,
      0,
      0
    ],
    "skewness": [
      4.270936637306424,
      0.0,
      0.0,
      2.430681975819099,
      0.0,
      0.0,
      0.0,
      0.0,
      0.0
    ],
    "kurtosis": [
      26.518239421937125,
      0.0,
      0.0,
      9.194676391375792,
      0.0,
      0.0,
      0.0,
      0.0,
      0.0
    ]
  },
  "val": {
    "dataset": "val",
    "shape": [
      1000,
      9
    ],
    "mean": [
      1.667,
      0.0,
      0.0,
      183.729,
      0.0,
      0.0,
      0.0,
      0.0,
      0.0
    ],
    "std": [
      4.356157825423679,
      0.0,
      0.0,
      148.5171019074908,
      0.0,
      0.0,
      0.0,
      0.0,
      0.0
    ],
    "min": [
      0.0,
      0.0,
      0.0,
      3.0,
      0.0,
      0.0,
      0.0,
      0.0,
      0.0
    ],
    "max": [
      65.0,
      0.0,
      0.0,
      1386.0,
      0.0,
      0.0,
      0.0,
      0.0,
      0.0
    ],
    "median": [
      0.0,
      0.0,
      0.0,
      152.0,
      0.0,
      0.0,
      0.0,
      0.0,
      0.0
    ],
    "q25": [
      0.0,
      0.0,
      0.0,
      73.75,
      0.0,
      0.0,
      0.0,
      0.0,
      0.0
    ],
    "q75": [
      2.0,
      0.0,
      0.0,
      229.0,
      0.0,
      0.0,
      0.0,
      0.0,
      0.0
    ],
    "n_zeros": [
      530,
      1000,
      1000,
      0,
      1000,
      1000,
      1000,
      1000,
      1000
    ],
    "n_positives": [
      470,
      0,
      0,
      1000,
      0,
      0,
      0,
      0,
      0
    ],
    "n_negatives": [
      0,
      0,
      0,
      0,
      0,
      0,
      0,
      0,
      0
    ],
    "missing_values": [
      0,
      0,
      0,
      0,
      0,
      0,
      0,
      0,
      0
    ],
    "skewness": [
      7.414626890835721,
      0.0,
      0.0,
      1.7504282637655686,
      0.0,
      0.0,
      0.0,
      0.0,
      0.0
    ],
    "kurtosis": [
      78.21582477782663,
      0.0,
      0.0,
      5.840071281438179,
      0.0,
      0.0,
      0.0,
      0.0,
      0.0
    ]
  }
}