{
  "Original (No Scaling)": {
    "mean": 21.663888888888888,
    "std": 102.7355830728623,
    "min": 0.0,
    "max": 2015.0,
    "range": 2015.0
  },
  "StandardScaler": {
    "mean": 3.3553406966449177e-18,
    "std": 0.47140452079103207,
    "min": -0.7668612169588552,
    "max": 10.044076562009352,
    "range": 10.810937778968206
  },
  "MinMaxScaler": {
    "mean": 0.01582325572841958,
    "std": 0.060871390758904034,
    "min": 0.0,
    "max": 1.0,
    "range": 1.0
  },
  "RobustScaler": {
    "mean": 0.11218996051889454,
    "std": 0.7209022655620013,
    "min": -0.3350253807106599,
    "max": 18.666666666666668,
    "range": 19.00169204737733
  }
}