{
  "test": {
    "dataset": "test",
    "shape": [
      1000,
      9
    ],
    "mean": [
      2.444,
      0.0,
      0.0,
      217.174,
      0.0,
      0.0,
      0.0,
      0.0,
      0.0
    ],
    "std": [
      5.0282068374322195,
      0.0,
      0.0,
      180.14796064346663,
      0.0,
      0.0,
      0.0,
      0.0,
      0.0
    ],
    "min": [
      0.0,
      0.0,
      0.0,
      4.0,
      0.0,
      0.0,
      0.0,
      0.0,
      0.0
    ],
    "max": [
      57.0,
      0.0,
      0.0,
      1507.0,
      0.0,
      0.0,
      0.0,
      0.0,
      0.0
    ],
    "median": [
      1.0,
      0.0,
      0.0,
      175.5,
      0.0,
      0.0,
      0.0,
      0.0,
      0.0
    ],
    "q25": [
      0.0,
      0.0,
      0.0,
      88.0,
      0.0,
      0.0,
      0.0,
      0.0,
      0.0
    ],
    "q75": [
      3.0,
      0.0,
      0.0,
      303.0,
      0.0,
      0.0,
      0.0,
      0.0,
      0.0
    ],
    "n_zeros": [
      404,
      1000,
      1000,
      0,
      1000,
      1000,
      1000,
      1000,
      1000
    ],
    "n_positives": [
      596,
      0,
      0,
      1000,
      0,
      0,
      0,
      0,
      0
    ],
    "n_negatives": [
      0,
      0,
      0,
      0,
      0,
      0,
      0,
      0,
      0
    ],
    "missing_values": [
      0,
      0,
      0,
      0,
      0,
      0,
      0,
      0,
      0
    ],
    "skewness": [
      5.399318736030516,
      0.0,
      0.0,
      2.0998241855301196,
      0.0,
      0.0,
      0.0,
      0.0,
      0.0
    ],
    "kurtosis": [
      40.715573296587515,
      0.0,
      0.0,
      7.689450221363284,
      0.0,
      0.0,
      0.0,
      0.0,
      0.0
    ]
  },
  "train": {
    "dataset": "train",
    "shape": [
      1000,
      9
    ],
    "mean": [
      2.925,
      0.0,
      0.0,
      203.238,
      0.0,
      0.0,
      0.0,
      0.0,
      0.0
    ],
    "std": [
      5.350642484786315,
      0.0,
      0.0,
      252.31685507710353,
      0.0,
      0.0,
      0.0,
      0.0,
      0.0
    ],
    "min": [
      0.0,
      0.0,
      0.0,
      1.0,
      0.0,
      0.0,
      0.0,
      0.0,
      0.0
    ],
    "max": [
      48.0,
      0.0,
      0.0,
      1862.0,
      0.0,
      0.0,
      0.0,
      0.0,
      0.0
    ],
    "median": [
      1.0,
      0.0,
      0.0,
      83.0,
      0.0,
      0.0,
      0.0,
      0.0,
      0.0
    ],
    "q25": [
      0.0,
      0.0,
      0.0,
      29.0,
      0.0,
      0.0,
      0.0,
      0.0,
      0.0
    ],
    "q75": [
      3.0,
      0.0,
      0.0,
      310.25,
      0.0,
      0.0,
      0.0,
      0.0,
      0.0
    ],
    "n_zeros": [
      437,
      1000,
      1000,
      0,
      1000,
      1000,
      1000,
      1000,
      1000
    ],
    "n_positives": [
      563,
      0,
      0,
      1000,
      0,
      0,
      0,
      0,
      0
    ],
    "n_negatives": [
      0,
      0,
      0,
      0,
      0,
      0,
      0,
      0,
      0
    ],
    "missing_values": [
      0,
      0,
      0,
      0,
      0,
      0,
      0,
      0,
      0
    ],
    "skewness": [
      3.4792499695152794,
      0.0,
      0.0,
      1.931782512703346,
      0.0,
      0.0,
      0.0,
      0.0,
      0.0
    ],
    "kurtosis": [
      16.67368070084693,
      0.0,
      0.0,
      5.002715736524619,
      0.0,
      0.0,
      0.0,
      0.0,
      0.0
    ]
  },
  "val": {
    "dataset": "val",
    "shape": [
      1000,
      9
    ],
    "mean": [
      1.555,
      0.0,
      0.0,
      187.769,
      0.0,
      0.0,
      0.0,
      0.0,
      0.0
    ],
    "std": [
      3.687136422754146,
      0.0,
      0.0,
      155.89327643936414,
      0.0,
      0.0,
      0.0,
      0.0,
      0.0
    ],
    "min": [
      0.0,
      0.0,
      0.0,
      3.0,
      0.0,
      0.0,
      0.0,
      0.0,
      0.0
    ],
    "max": [
      49.0,
      0.0,
      0.0,
      1386.0,
      0.0,
      0.0,
      0.0,
      0.0,
      0.0
    ],
    "median": [
      0.0,
      0.0,
      0.0,
      156.0,
      0.0,
      0.0,
      0.0,
      0.0,
      0.0
    ],
    "q25": [
      0.0,
      0.0,
      0.0,
      71.0,
      0.0,
      0.0,
      0.0,
      0.0,
      0.0
    ],
    "q75": [
      2.0,
      0.0,
      0.0,
      227.25,
      0.0,
      0.0,
      0.0,
      0.0,
      0.0
    ],
    "n_zeros": [
      530,
      1000,
      1000,
      0,
      1000,
      1000,
      1000,
      1000,
      1000
    ],
    "n_positives": [
      470,
      0,
      0,
      1000,
      0,
      0,
      0,
      0,
      0
    ],
    "n_negatives": [
      0,
      0,
      0,
      0,
      0,
      0,
      0,
      0,
      0
    ],
    "missing_values": [
      0,
      0,
      0,
      0,
      0,
      0,
      0,
      0,
      0
    ],
    "skewness": [
      6.087162054068288,
      0.0,
      0.0,
      1.8323361990309137,
      0.0,
      0.0,
      0.0,
      0.0,
      0.0
    ],
    "kurtosis": [
      52.38095018022445,
      0.0,
      0.0,
      6.021461103878073,
      0.0,
      0.0,
      0.0,
      0.0,
      0.0
    ]
  }
}