{
  "test": {
    "dataset": "test",
    "shape": [
      1000,
      9
    ],
    "mean": [
      2.598,
      0.0,
      0.0,
      223.76,
      0.0,
      0.0,
      0.0,
      0.0,
      0.0
    ],
    "std": [
      5.354661147075537,
      0.0,
      0.0,
      185.3534526249782,
      0.0,
      0.0,
      0.0,
      0.0,
      0.0
    ],
    "min": [
      0.0,
      0.0,
      0.0,
      2.0,
      0.0,
      0.0,
      0.0,
      0.0,
      0.0
    ],
    "max": [
      82.0,
      0.0,
      0.0,
      1523.0,
      0.0,
      0.0,
      0.0,
      0.0,
      0.0
    ],
    "median": [
      1.0,
      0.0,
      0.0,
      181.0,
      0.0,
      0.0,
      0.0,
      0.0,
      0.0
    ],
    "q25": [
      0.0,
      0.0,
      0.0,
      87.0,
      0.0,
      0.0,
      0.0,
      0.0,
      0.0
    ],
    "q75": [
      3.0,
      0.0,
      0.0,
      316.0,
      0.0,
      0.0,
      0.0,
      0.0,
      0.0
    ],
    "n_zeros": [
      416,
      1000,
      1000,
      0,
      1000,
      1000,
      1000,
      1000,
      1000
    ],
    "n_positives": [
      584,
      0,
      0,
      1000,
      0,
      0,
      0,
      0,
      0
    ],
    "n_negatives": [
      0,
      0,
      0,
      0,
      0,
      0,
      0,
      0,
      0
    ],
    "missing_values": [
      0,
      0,
      0,
      0,
      0,
      0,
      0,
      0,
      0
    ],
    "skewness": [
      5.850388295621861,
      0.0,
      0.0,
      1.778913896142168,
      0.0,
      0.0,
      0.0,
      0.0,
      0.0
    ],
    "kurtosis": [
      58.65925446073787,
      0.0,
      0.0,
      5.0272897717394365,
      0.0,
      0.0,
      0.0,
      0.0,
      0.0
    ]
  },
  "train": {
    "dataset": "train",
    "shape": [
      1000,
      9
    ],
    "mean": [
      2.746,
      0.0,
      0.0,
      185.034,
      0.0,
      0.0,
      0.0,
      0.0,
      0.0
    ],
    "std": [
      5.3471005227132204,
      0.0,
      0.0,
      243.53356820775235,
      0.0,
      0.0,
      0.0,
      0.0,
      0.0
    ],
    "min": [
      0.0,
      0.0,
      0.0,
      1.0,
      0.0,
      0.0,
      0.0,
      0.0,
      0.0
    ],
    "max": [
      57.0,
      0.0,
      0.0,
      1932.0,
      0.0,
      0.0,
      0.0,
      0.0,
      0.0
    ],
    "median": [
      1.0,
      0.0,
      0.0,
      79.0,
      0.0,
      0.0,
      0.0,
      0.0,
      0.0
    ],
    "q25": [
      0.0,
      0.0,
      0.0,
      28.0,
      0.0,
      0.0,
      0.0,
      0.0,
      0.0
    ],
    "q75": [
      3.0,
      0.0,
      0.0,
      263.0,
      0.0,
      0.0,
      0.0,
      0.0,
      0.0
    ],
    "n_zeros": [
      422,
      1000,
      1000,
      0,
      1000,
      1000,
      1000,
      1000,
      1000
    ],
    "n_positives": [
      578,
      0,
      0,
      1000,
      0,
      0,
      0,
      0,
      0
    ],
    "n_negatives": [
      0,
      0,
      0,
      0,
      0,
      0,
      0,
      0,
      0
    ],
    "missing_values": [
      0,
      0,
      0,
      0,
      0,
      0,
      0,
      0,
      0
    ],
    "skewness": [
      4.101031111123839,
      0.0,
      0.0,
      2.4585425924951263,
      0.0,
      0.0,
      0.0,
      0.0,
      0.0
    ],
    "kurtosis": [
      23.92803143123675,
      0.0,
      0.0,
      8.830803620637933,
      0.0,
      0.0,
      0.0,
      0.0,
      0.0
    ]
  },
  "val": {
    "dataset": "val",
    "shape": [
      1000,
      9
    ],
    "mean": [
      2.204,
      0.0,
      0.0,
      294.774,
      0.0,
      0.0,
      0.0,
      0.0,
      0.0
    ],
    "std": [
      4.3674230388182025,
      0.0,
      0.0,
      278.5610542125371,
      0.0,
      0.0,
      0.0,
      0.0,
      0.0
    ],
    "min": [
      0.0,
      0.0,
      0.0,
      4.0,
      0.0,
      0.0,
      0.0,
      0.0,
      0.0
    ],
    "max": [
      46.0,
      0.0,
      0.0,
      1158.0,
      0.0,
      0.0,
      0.0,
      0.0,
      0.0
    ],
    "median": [
      0.0,
      0.0,
      0.0,
      186.5,
      0.0,
      0.0,
      0.0,
      0.0,
      0.0
    ],
    "q25": [
      0.0,
      0.0,
      0.0,
      97.0,
      0.0,
      0.0,
      0.0,
      0.0,
      0.0
    ],
    "q75": [
      2.0,
      0.0,
      0.0,
      393.25,
      0.0,
      0.0,
      0.0,
      0.0,
      0.0
    ],
    "n_zeros": [
      520,
      1000,
      1000,
      0,
      1000,
      1000,
      1000,
      1000,
      1000
    ],
    "n_positives": [
      480,
      0,
      0,
      1000,
      0,
      0,
      0,
      0,
      0
    ],
    "n_negatives": [
      0,
      0,
      0,
      0,
      0,
      0,
      0,
      0,
      0
    ],
    "missing_values": [
      0,
      0,
      0,
      0,
      0,
      0,
      0,
      0,
      0
    ],
    "skewness": [
      3.6907031845139815,
      0.0,
      0.0,
      1.0476930404160274,
      0.0,
      0.0,
      0.0,
      0.0,
      0.0
    ],
    "kurtosis": [
      19.550773375755657,
      0.0,
      0.0,
      -0.45753968734178274,
      0.0,
      0.0,
      0.0,
      0.0,
      0.0
    ]
  }
}