{
  "test": {
    "dataset": "test",
    "shape": [
      1000,
      9
    ],
    "mean": [
      2.687,
      0.0,
      0.0,
      223.983,
      0.0,
      0.0,
      0.0,
      0.0,
      0.0
    ],
    "std": [
      6.136858398236037,
      0.0,
      0.0,
      193.9721750947801,
      0.0,
      0.0,
      0.0,
      0.0,
      0.0
    ],
    "min": [
      0.0,
      0.0,
      0.0,
      2.0,
      0.0,
      0.0,
      0.0,
      0.0,
      0.0
    ],
    "max": [
      82.0,
      0.0,
      0.0,
      1627.0,
      0.0,
      0.0,
      0.0,
      0.0,
      0.0
    ],
    "median": [
      1.0,
      0.0,
      0.0,
      177.0,
      0.0,
      0.0,
      0.0,
      0.0,
      0.0
    ],
    "q25": [
      0.0,
      0.0,
      0.0,
      87.0,
      0.0,
      0.0,
      0.0,
      0.0,
      0.0
    ],
    "q75": [
      3.0,
      0.0,
      0.0,
      316.0,
      0.0,
      0.0,
      0.0,
      0.0,
      0.0
    ],
    "n_zeros": [
      416,
      1000,
      1000,
      0,
      1000,
      1000,
      1000,
      1000,
      1000
    ],
    "n_positives": [
      584,
      0,
      0,
      1000,
      0,
      0,
      0,
      0,
      0
    ],
    "n_negatives": [
      0,
      0,
      0,
      0,
      0,
      0,
      0,
      0,
      0
    ],
    "missing_values": [
      0,
      0,
      0,
      0,
      0,
      0,
      0,
      0,
      0
    ],
    "skewness": [
      5.794741837701663,
      0.0,
      0.0,
      2.2065086393634985,
      0.0,
      0.0,
      0.0,
      0.0,
      0.0
    ],
    "kurtosis": [
      47.64647771111248,
      0.0,
      0.0,
      8.156997379090503,
      0.0,
      0.0,
      0.0,
      0.0,
      0.0
    ]
  },
  "train": {
    "dataset": "train",
    "shape": [
      1000,
      9
    ],
    "mean": [
      2.704,
      0.0,
      0.0,
      192.271,
      0.0,
      0.0,
      0.0,
      0.0,
      0.0
    ],
    "std": [
      5.40577321018926,
      0.0,
      0.0,
      249.42061975506363,
      0.0,
      0.0,
      0.0,
      0.0,
      0.0
    ],
    "min": [
      0.0,
      0.0,
      0.0,
      1.0,
      0.0,
      0.0,
      0.0,
      0.0,
      0.0
    ],
    "max": [
      57.0,
      0.0,
      0.0,
      2015.0,
      0.0,
      0.0,
      0.0,
      0.0,
      0.0
    ],
    "median": [
      1.0,
      0.0,
      0.0,
      83.5,
      0.0,
      0.0,
      0.0,
      0.0,
      0.0
    ],
    "q25": [
      0.0,
      0.0,
      0.0,
      30.0,
      0.0,
      0.0,
      0.0,
      0.0,
      0.0
    ],
    "q75": [
      3.0,
      0.0,
      0.0,
      276.25,
      0.0,
      0.0,
      0.0,
      0.0,
      0.0
    ],
    "n_zeros": [
      427,
      1000,
      1000,
      0,
      1000,
      1000,
      1000,
      1000,
      1000
    ],
    "n_positives": [
      573,
      0,
      0,
      1000,
      0,
      0,
      0,
      0,
      0
    ],
    "n_negatives": [
      0,
      0,
      0,
      0,
      0,
      0,
      0,
      0,
      0
    ],
    "missing_values": [
      0,
      0,
      0,
      0,
      0,
      0,
      0,
      0,
      0
    ],
    "skewness": [
      4.639926991720524,
      0.0,
      0.0,
      2.6188625819449967,
      0.0,
      0.0,
      0.0,
      0.0,
      0.0
    ],
    "kurtosis": [
      31.64345787137801,
      0.0,
      0.0,
      10.673886820010509,
      0.0,
      0.0,
      0.0,
      0.0,
      0.0
    ]
  },
  "val": {
    "dataset": "val",
    "shape": [
      1000,
      9
    ],
    "mean": [
      2.271,
      0.0,
      0.0,
      281.114,
      0.0,
      0.0,
      0.0,
      0.0,
      0.0
    ],
    "std": [
      4.216344269625036,
      0.0,
      0.0,
      272.8888143621871,
      0.0,
      0.0,
      0.0,
      0.0,
      0.0
    ],
    "min": [
      0.0,
      0.0,
      0.0,
      4.0,
      0.0,
      0.0,
      0.0,
      0.0,
      0.0
    ],
    "max": [
      32.0,
      0.0,
      0.0,
      1191.0,
      0.0,
      0.0,
      0.0,
      0.0,
      0.0
    ],
    "median": [
      1.0,
      0.0,
      0.0,
      178.0,
      0.0,
      0.0,
      0.0,
      0.0,
      0.0
    ],
    "q25": [
      0.0,
      0.0,
      0.0,
      93.0,
      0.0,
      0.0,
      0.0,
      0.0,
      0.0
    ],
    "q75": [
      3.0,
      0.0,
      0.0,
      343.5,
      0.0,
      0.0,
      0.0,
      0.0,
      0.0
    ],
    "n_zeros": [
      497,
      1000,
      1000,
      0,
      1000,
      1000,
      1000,
      1000,
      1000
    ],
    "n_positives": [
      503,
      0,
      0,
      1000,
      0,
      0,
      0,
      0,
      0
    ],
    "n_negatives": [
      0,
      0,
      0,
      0,
      0,
      0,
      0,
      0,
      0
    ],
    "missing_values": [
      0,
      0,
      0,
      0,
      0,
      0,
      0,
      0,
      0
    ],
    "skewness": [
      3.0731985411716374,
      0.0,
      0.0,
      1.1959431248868073,
      0.0,
      0.0,
      0.0,
      0.0,
      0.0
    ],
    "kurtosis": [
      11.320619259346484,
      0.0,
      0.0,
      -0.007490321925543331,
      0.0,
      0.0,
      0.0,
      0.0,
      0.0
    ]
  }
}