{
  "Original (No Scaling)": {
    "mean": 41.75255555555555,
    "std": 244.12692872111108,
    "min": 