{
  "Original (No Scaling)": {
    "mean": 6.229333333333333,
    "std": 19.47594714855566,
    "min": 