{
  "Original (No Scaling)": {
    "mean": 5.893777777777777,
    "std": 18.15154860719895,
    "min": 