{
  "test": {
    "dataset": "test",
    "shape": [
      1000,
      9
    ],
    "mean": [
      0.18,
      0.032,
      0.021,
      59.154,
      11.05,
      0.306,
      10.357,
      0.109,
      7.098
    ],
    "std": [
      0.6029925372672502,
      0.1922914454675525,
      0.16899408273664393,
      52.39481161336495,
      26.69838010067277,
      0.7914316142282873,
      16.88939167051322,
      0.6285849186864106,
      19.165604503902202
    ],
    "min": [
      0,
      0,
      0,
      0,
      0,
      0,
      0,
      0,
      0
    ],
    "max": [
      6,
      3,
      3,
      278,
      186,
      7,
      153,
      10,
      88
    ],
    "median": [
      0.0,
      0.0,
      0.0,
      49.0,
      0.0,
      0.0,
      5.0,
      0.0,
      0.0
    ],
    "q25": [
      0.0,
      0.0,
      0.0,
      18.0,
      0.0,
      0.0,
      1.0,
      0.0,
      0.0
    ],
    "q75": [
      0.0,
      0.0,
      0.0,
      89.0,
      3.0,
      0.0,
      13.0,
      0.0,
      0.0
    ],
    "n_zeros": [
      876,
      970,
      982,
      135,
      586,
      815,
      234,
      944,
      774
    ],
    "n_positives": [
      124,
      30,
      18,
      865,
      414,
      185,
      766,
      56,
      226
    ],
    "n_negatives": [
      0,
      0,
      0,
      0,
      0,
      0,
      0,
      0,
      0
    ],
    "missing_values": [
      0,
      0,
      0,
      0,
      0,
      0,
      0,
      0,
      0
    ],
    "skewness": [
      5.1335133232276675,
      7.383272758532872,
      10.207701651981026,
      0.9163381703181352,
      3.5037783346488767,
      3.5200289131231557,
      3.192746957319425,
      10.22004501452184,
      2.9580532374253914
    ],
    "kurtosis": [
      33.16960220387571,
      72.74992058893194,
      131.04671627964515,
      0.15139546292931083,
      14.58404239394381,
      15.134390187076322,
      12.350159883663016,
      135.6913455440903,
      7.486670044591227
    ]
  },
  "train": {
    "dataset": "train",
    "shape": [
      1000,
      9
    ],
    "mean": [
      0.164,
      0.026,
      0.005,
      32.064,
      3.096,
      0.089,
      3.317,
      0.011,
      1.576
    ],
    "std": [
      0.43715443495405215,
      0.17124251808473154,
      0.07053367989832926,
      26.62363431239246,
      10.588710214185744,
      0.3392329583044657,
      6.1149416186910335,
      0.13740087335966988,
      5.808633574258244
    ],
    "min": [
      0,
      0,
      0,
      0,
      0,
      0,
      0,
      0,
      0
    ],
    "max": [
      3,
      2,
      1,
      165,
      103,
      3,
      56,
      3,
      51
    ],
    "median": [
      0.0,
      0.0,
      0.0,
      25.0,
      0.0,
      0.0,
      1.0,
      0.0,
      0.0
    ],
    "q25": [
      0.0,
      0.0,
      0.0,
      13.0,
      0.0,
      0.0,
      0.0,
      0.0,
      0.0
    ],
    "q75": [
      0.0,
      0.0,
      0.0,
      46.25,
      0.0,
      0.0,
      4.0,
      0.0,
      0.0
    ],
    "n_zeros": [
      861,
      976,
      995,
      89,
      793,
      925,
      369,
      992,
      875
    ],
    "n_positives": [
      139,
      24,
      5,
      911,
      207,
      75,
      631,
      8,
      125
    ],
    "n_negatives": [
      0,
      0,
      0,
      0,
      0,
      0,
      0,
      0,
      0
    ],
    "missing_values": [
      0,
      0,
      0,
      0,
      0,
      0,
      0,
      0,
      0
    ],
    "skewness": [
      2.8719211720970503,
      7.11912506111282,
      14.056942064004696,
      1.2134763546747849,
      4.917758060502514,
      4.555384933525246,
      4.292844377132019,
      15.588465969576546,
      4.844015409177456
    ],
    "kurtosis": [
      8.694344123319924,
      55.625966971864564,
      195.9895961638452,
      1.6281180085840226,
      29.246918191218327,
      24.785763731333184,
      25.124175308603014,
      282.38063748368324,
      26.36657405122183
    ]
  },
  "val": {
    "dataset": "val",
    "shape": [
      1000,
      9
    ],
    "mean": [
      0.144,
      0.026,
      0.018,
      36.139,
      5.811,
      0.077,
      7.198,
      0.009,
      5.361
    ],
    "std": [
      1.0636089506956816,
      0.20328305389284065,
      0.3027804485101467,
      31.82891262672982,
      16.546579072424716,
      0.3210467255712144,
      18.52546344899371,
      0.10449401896759412,
      20.302528881890435
    ],
    "min": [
      0,
      0,
      0,
      0,
      0,
      0,
      0,
      0,
      0
    ],
    "max": [
      24,
      4,
      7,
      147,
      136,
      3,
      130,
      2,
      132
    ],
    "median": [
      0.0,
      0.0,
      0.0,
      28.0,
      0.0,
      0.0,
      2.0,
      0.0,
      0.0
    ],
    "q25": [
      0.0,
      0.0,
      0.0,
      11.0,
      0.0,
      0.0,
      0.0,
      0.0,
      0.0
    ],
    "q75": [
      0.0,
      0.0,
      0.0,
      58.25,
      1.0,
      0.0,
      7.0,
      0.0,
      0.0
    ],
    "n_zeros": [
      922,
      979,
      994,
      146,
      740,
      937,
      284,
      992,
      827
    ],
    "n_positives": [
      78,
      21,
      6,
      854,
      260,
      63,
      716,
      8,
      173
    ],
    "n_negatives": [
      0,
      0,
      0,
      0,
      0,
      0,
      0,
      0,
      0
    ],
    "missing_values": [
      0,
      0,
      0,
      0,
      0,
      0,
      0,
      0,
      0
    ],
    "skewness": [
      17.619452036148424,
      11.297174552383478,
      20.386878203543592,
      0.8860566787392561,
      3.420757937888839,
      4.864692565948831,
      5.474832602396268,
      12.907047997468764,
      5.006668356057969
    ],
    "kurtosis": [
      355.8139765465012,
      171.18252505462152,
      436.4680886190139,
      -0.08234154068614252,
      12.348576849115718,
      27.24398242625886,
      30.980886769842883,
      186.36519353120437,
      25.334008966937763
    ]
  }
}