{
  "test": {
    "dataset": "test",
    "shape": [
      1000,
      9
    ],
    "mean": [
      2.614,
      0.0,
      0.0,
      223.89,
      0.0,
      0.0,
      0.0,
      0.0,
      0.0
    ],
    "std": [
      5.654821305753167,
      0.0,
      0.0,
      191.42126292551725,
      0.0,
      0.0,
      0.0,
      0.0,
      0.0
    ],
    "min": [
      0.0,
      0.0,
      0.0,
      4.0,
      0.0,
      0.0,
      0.0,
      0.0,
      0.0
    ],
    "max": [
      82.0,
      0.0,
      0.0,
      1627.0,
      0.0,
      0.0,
      0.0,
      0.0,
      0.0
    ],
    "median": [
      1.0,
      0.0,
      0.0,
      182.5,
      0.0,
      0.0,
      0.0,
      0.0,
      0.0
    ],
    "q25": [
      0.0,
      0.0,
      0.0,
      88.0,
      0.0,
      0.0,
      0.0,
      0.0,
      0.0
    ],
    "q75": [
      3.0,
      0.0,
      0.0,
      306.25,
      0.0,
      0.0,
      0.0,
      0.0,
      0.0
    ],
    "n_zeros": [
      408,
      1000,
      1000,
      0,
      1000,
      1000,
      1000,
      1000,
      1000
    ],
    "n_positives": [
      592,
      0,
      0,
      1000,
      0,
      0,
      0,
      0,
      0
    ],
    "n_negatives": [
      0,
      0,
      0,
      0,
      0,
      0,
      0,
      0,
      0
    ],
    "missing_values": [
      0,
      0,
      0,
      0,
      0,
      0,
      0,
      0,
      0
    ],
    "skewness": [
      6.015084326284139,
      0.0,
      0.0,
      2.182968267205848,
      0.0,
      0.0,
      0.0,
      0.0,
      0.0
    ],
    "kurtosis": [
      55.63306767306694,
      0.0,
      0.0,
      7.980453365720805,
      0.0,
      0.0,
      0.0,
      0.0,
      0.0
    ]
  },
  "train": {
    "dataset": "train",
    "shape": [
      1000,
      9
    ],
    "mean": [
      2.27,
      0.0,
      0.0,
      149.273,
      0.0,
      0.0,
      0.0,
      0.0,
      0.0
    ],
    "std": [
      4.682424585618,
      0.0,
      0.0,
      195.53421815886867,
      0.0,
      0.0,
      0.0,
      0.0,
      0.0
    ],
    "min": [
      0.0,
      0.0,
      0.0,
      1.0,
      0.0,
      0.0,
      0.0,
      0.0,
      0.0
    ],
    "max": [
      53.0,
      0.0,
      0.0,
      2048.0,
      0.0,
      0.0,
      0.0,
      0.0,
      0.0
    ],
    "median": [
      1.0,
      0.0,
      0.0,
      68.0,
      0.0,
      0.0,
      0.0,
      0.0,
      0.0
    ],
    "q25": [
      0.0,
      0.0,
      0.0,
      25.75,
      0.0,
      0.0,
      0.0,
      0.0,
      0.0
    ],
    "q75": [
      2.0,
      0.0,
      0.0,
      205.25,
      0.0,
      0.0,
      0.0,
      0.0,
      0.0
    ],
    "n_zeros": [
      465,
      1000,
      1000,
      0,
      1000,
      1000,
      1000,
      1000,
      1000
    ],
    "n_positives": [
      535,
      0,
      0,
      1000,
      0,
      0,
      0,
      0,
      0
    ],
    "n_negatives": [
      0,
      0,
      0,
      0,
      0,
      0,
      0,
      0,
      0
    ],
    "missing_values": [
      0,
      0,
      0,
      0,
      0,
      0,
      0,
      0,
      0
    ],
    "skewness": [
      4.948317884978398,
      0.0,
      0.0,
      2.885381413336741,
      0.0,
      0.0,
      0.0,
      0.0,
      0.0
    ],
    "kurtosis": [
      36.0879007655018,
      0.0,
      0.0,
      14.439331215169316,
      0.0,
      0.0,
      0.0,
      0.0,
      0.0
    ]
  },
  "val": {
    "dataset": "val",
    "shape": [
      1000,
      9
    ],
    "mean": [
      2.418,
      0.0,
      0.0,
      367.831,
      0.0,
      0.0,
      0.0,
      0.0,
      0.0
    ],
    "std": [
      5.489560638156743,
      0.0,
      0.0,
      274.49290052567846,
      0.0,
      0.0,
      0.0,
      0.0,
      0.0
    ],
    "min": [
      0.0,
      0.0,
      0.0,
      8.0,
      0.0,
      0.0,
      0.0,
      0.0,
      0.0
    ],
    "max": [
      53.0,
      0.0,
      0.0,
      1611.0,
      0.0,
      0.0,
      0.0,
      0.0,
      0.0
    ],
    "median": [
      1.0,
      0.0,
      0.0,
      281.0,
      0.0,
      0.0,
      0.0,
      0.0,
      0.0
    ],
    "q25": [
      0.0,
      0.0,
      0.0,
      152.0,
      0.0,
      0.0,
      0.0,
      0.0,
      0.0
    ],
    "q75": [
      2.0,
      0.0,
      0.0,
      518.25,
      0.0,
      0.0,
      0.0,
      0.0,
      0.0
    ],
    "n_zeros": [
      499,
      1000,
      1000,
      0,
      1000,
      1000,
      1000,
      1000,
      1000
    ],
    "n_positives": [
      501,
      0,
      0,
      1000,
      0,
      0,
      0,
      0,
      0
    ],
    "n_negatives": [
      0,
      0,
      0,
      0,
      0,
      0,
      0,
      0,
      0
    ],
    "missing_values": [
      0,
      0,
      0,
      0,
      0,
      0,
      0,
      0,
      0
    ],
    "skewness": [
      4.510146623437304,
      0.0,
      0.0,
      0.8232565794154632,
      0.0,
      0.0,
      0.0,
      0.0,
      0.0
    ],
    "kurtosis": [
      25.53430598740253,
      0.0,
      0.0,
      -0.04866505139588195,
      0.0,
      0.0,
      0.0,
      0.0,
      0.0
    ]
  }
}