{
  "Original (No Scaling)": {
    "mean": 46.95188888888889,
    "std": 264.79986785996385,
    "min": 