{
  "test": {
    "dataset": "test",
    "shape": [
      1000,
      9
    ],
    "mean": [
      0.469,
      0.015,
      0.004,
      150.935,
      4.94,
      0.276,
      3.973,
      0.008,
      1.342
    ],
    "std": [
      1.7852279966435474,
      0.14413535305399686,
      0.0773563184232548,
      154.4875036208433,
      21.488378254303143,
      1.2648414920455475,
      7.372670547366114,
      0.10925200226998148,
      6.748409886780701
    ],
    "min": [
      0,
      0,
      0,
      0,
      0,
      0,
      0,
      0,
      0
    ],
    "max": [
      29,
      2,
      2,
      878,
      274,
      16,
      52,
      2,
      45
    ],
    "median": [
      0.0,
      0.0,
      0.0,
      78.0,
      0.0,
      0.0,
      1.0,
      0.0,
      0.0
    ],
    "q25": [
      0.0,
      0.0,
      0.0,
      47.0,
      0.0,
      0.0,
      0.0,
      0.0,
      0.0
    ],
    "q75": [
      0.0,
      0.0,
      0.0,
      187.0,
      0.0,
      0.0,
      4.0,
      0.0,
      0.0
    ],
    "n_zeros": [
      783,
      988,
      997,
      49,
      823,
      883,
      372,
      994,
      927
    ],
    "n_positives": [
      217,
      12,
      3,
      951,
      177,
      117,
      628,
      6,
      73
    ],
    "n_negatives": [
      0,
      0,
      0,
      0,
      0,
      0,
      0,
      0,
      0
    ],
    "missing_values": [
      0,
      0,
      0,
      0,
      0,
      0,
      0,
      0,
      0
    ],
    "skewness": [
      9.79742161201392,
      10.723285712664039,
      21.479896939069352,
      1.2357324174854778,
      6.592702490109127,
      8.126911646661833,
      3.6456071365313667,
      15.13969891150269,
      5.859661496676961
    ],
    "kurtosis": [
      128.99261099740892,
      125.17529145486807,
      497.71628622138894,
      0.3095041990229115,
      52.61332018922584,
      77.64529796560684,
      16.566972845081395,
      246.46477056409282,
      34.35615748135843
    ]
  },
  "train": {
    "dataset": "train",
    "shape": [
      1000,
      9
    ],
    "mean": [
      1.29,
      0.105,
      0.032,
      311.54,
      19.012,
      1.65,
      11.562,
      0.316,
      30.266
    ],
    "std": [
      6.409984399357026,
      0.6465098607136666,
      0.19742340286804957,
      650.3047996132273,
      100.85873217525578,
      8.842030309832692,
      31.28568612001347,
      6.222069109227275,
      139.25591996033876
    ],
    "min": [
      0,
      0,
      0,
      0,
      0,
      0,
      0,
      0,
      0
    ],
    "max": [
      130,
      13,
      3,
      5976,
      1715,
      213,
      328,
      192,
      964
    ],
    "median": [
      0.0,
      0.0,
      0.0,
      68.0,
      0.0,
      0.0,
      2.0,
      0.0,
      0.0
    ],
    "q25": [
      0.0,
      0.0,
      0.0,
      10.0,
      0.0,
      0.0,
      0.0,
      0.0,
      0.0
    ],
    "q75": [
      1.0,
      0.0,
      0.0,
      277.25,
      3.0,
      0.0,
      9.0,
      0.0,
      0.0
    ],
    "n_zeros": [
      685,
      945,
      971,
      88,
      588,
      754,
      297,
      971,
      830
    ],
    "n_positives": [
      315,
      55,
      29,
      912,
      412,
      246,
      703,
      29,
      170
    ],
    "n_negatives": [
      0,
      0,
      0,
      0,
      0,
      0,
      0,
      0,
      0
    ],
    "missing_values": [
      0,
      0,
      0,
      0,
      0,
      0,
      0,
      0,
      0
    ],
    "skewness": [
      15.224770218434177,
      11.727027905858973,
      7.578265179040561,
      3.845758668398751,
      11.115676997081401,
      15.962935063023341,
      5.749470367258006,
      29.46971390024361,
      5.195637622274897
    ],
    "kurtosis": [
      265.9436042162556,
      186.32607243069003,
      73.93656207404516,
      18.994854081089642,
      149.60314201828703,
      341.8375120002452,
      39.09566074782151,
      903.0607966255229,
      26.937086375445656
    ]
  },
  "val": {
    "dataset": "val",
    "shape": [
      1000,
      9
    ],
    "mean": [
      0.471,
      0.013,
      0.008,
      157.002,
      6.138,
      0.083,
      5.979,
      0.0,
      0.779
    ],
    "std": [
      6.680805265834331,
      0.11327400407860441,
      0.22346364357541829,
      79.1908832884189,
      29.16962385770497,
      0.3743140392771834,
      7.021578098974626,
      0.0,
      3.5794076325559714
    ],
    "min": [
      0,
      0,
      0,
      0,
      0,
      0,
      0,
      0,
      0
    ],
    "max": [
      211,
      1,
      7,
      439,
      212,
      3,
      22,
      0,
      22
    ],
    "median": [
      0.0,
      0.0,
      0.0,
      166.0,
      0.0,
      0.0,
      3.0,
      0.0,
      0.0
    ],
    "q25": [
      0.0,
      0.0,
      0.0,
      139.25,
      0.0,
      0.0,
      0.0,
      0.0,
      0.0
    ],
    "q75": [
      0.0,
      0.0,
      0.0,
      211.0,
      0.0,
      0.0,
      7.0,
      0.0,
      0.0
    ],
    "n_zeros": [
      762,
      987,
      998,
      52,
      888,
      946,
      322,
      1000,
      941
    ],
    "n_positives": [
      238,
      13,
      2,
      948,
      112,
      54,
      678,
      0,
      59
    ],
    "n_negatives": [
      0,
      0,
      0,
      0,
      0,
      0,
      0,
      0,
      0
    ],
    "missing_values": [
      0,
      0,
      0,
      0,
      0,
      0,
      0,
      0,
      0
    ],
    "skewness": [
      31.340851745081665,
      8.61154166602755,
      30.76618777939099,
      -0.6825452763442169,
      5.3407396638211555,
      4.918011195415009,
      1.2802064238420736,
      0.0,
      4.876103703228385
    ],
    "kurtosis": [
      988.0659838032315,
      72.30325265653269,
      960.6601544497928,
      -0.25833334718523737,
      28.4619632149661,
      25.02842668175908,
      0.33880805293556904,
      0.0,
      22.97734446305542
    ]
  }
}