{
  "test": {
    "dataset": "test",
    "shape": [
      1000,
      9
    ],
    "mean": [
      0.57,
      0.058,
      0.01,
      268.778,
      4.687,
      0.315,
      3.918,
      0.007,
      20.993
    ],
    "std": [
      4.381449531833026,
      0.28396478654931984,
      0.1479864858694869,
      274.1179394275397,
      17.487453531031825,
      0.9694199296486619,
      8.87250111298952,
      0.16416759729008673,
      55.36310098793197
    ],
    "min": [
      0,
      0,
      0,
      0,
      0,
      0,
      0,
      0,
      0
    ],
    "max": [
      117,
      4,
      4,
      974,
      209,
      8,
      66,
      5,
      182
    ],
    "median": [
      0.0,
      0.0,
      0.0,
      135.5,
      0.0,
      0.0,
      2.0,
      0.0,
      0.0
    ],
    "q25": [
      0.0,
      0.0,
      0.0,
      51.0,
      0.0,
      0.0,
      1.0,
      0.0,
      0.0
    ],
    "q75": [
      0.0,
      0.0,
      0.0,
      636.0,
      0.0,
      0.0,
      4.0,
      0.0,
      0.0
    ],
    "n_zeros": [
      776,
      950,
      993,
      145,
      792,
      868,
      241,
      997,
      841
    ],
    "n_positives": [
      224,
      50,
      7,
      855,
      208,
      132,
      759,
      3,
      159
    ],
    "n_negatives": [
      0,
      0,
      0,
      0,
      0,
      0,
      0,
      0,
      0
    ],
    "missing_values": [
      0,
      0,
      0,
      0,
      0,
      0,
      0,
      0,
      0
    ],
    "skewness": [
      22.651067526432307,
      6.900726122280073,
      21.428037326835238,
      0.673335104497695,
      5.6641560107619275,
      3.603129254339524,
      5.291995467880609,
      28.61888280036139,
      2.411612078810888
    ],
    "kurtosis": [
      558.0075660785083,
      65.27196656924562,
      540.1696302522641,
      -1.3291738814517693,
      40.152320439525525,
      13.868943309139693,
      29.79521767562393,
      859.625964584406,
      3.9816942020013584
    ]
  },
  "train": {
    "dataset": "train",
    "shape": [
      1000,
      9
    ],
    "mean": [
      1.321,
      0.146,
      0.035,
      358.566,
      17.379,
      1.321,
      11.249,
      0.083,
      32.467
    ],
    "std": [
      5.921820581544172,
      1.0902678569966278,
      0.19943670675179215,
      695.7864511788076,
      105.11814952233574,
      4.987981455458682,
      32.207405965088356,
      0.802565262143834,
      156.80410999396588
    ],
    "min": [
      0,
      0,
      0,
      0,
      0,
      0,
      0,
      0,
      0
    ],
    "max": [
      152,
      28,
      3,
      5702,
      2028,
      78,
      428,
      18,
      913
    ],
    "median": [
      0.0,
      0.0,
      0.0,
      83.0,
      0.0,
      0.0,
      2.0,
      0.0,
      0.0
    ],
    "q25": [
      0.0,
      0.0,
      0.0,
      16.0,
      0.0,
      0.0,
      0.0,
      0.0,
      0.0
    ],
    "q75": [
      1.0,
      0.0,
      0.0,
      301.0,
      3.0,
      1.0,
      9.0,
      0.0,
      0.0
    ],
    "n_zeros": [
      658,
      935,
      967,
      85,
      593,
      710,
      295,
      969,
      853
    ],
    "n_positives": [
      342,
      65,
      33,
      915,
      407,
      290,
      705,
      31,
      147
    ],
    "n_negatives": [
      0,
      0,
      0,
      0,
      0,
      0,
      0,
      0,
      0
    ],
    "missing_values": [
      0,
      0,
      0,
      0,
      0,
      0,
      0,
      0,
      0
    ],
    "skewness": [
      17.899331349662873,
      18.458671739147128,
      6.9161578090654015,
      3.030601219758846,
      13.208338240309514,
      9.172954799864284,
      7.028892808230926,
      16.75053177295315,
      5.06940538903758
    ],
    "kurtosis": [
      425.98360381002215,
      436.28643826362566,
      63.716982133132255,
      10.374536816590975,
      214.5541351722363,
      107.1412044125296,
      61.737347619944366,
      325.5553641209573,
      24.174944989469736
    ]
  },
  "val": {
    "dataset": "val",
    "shape": [
      1000,
      9
    ],
    "mean": [
      0.306,
      0.012,
      0.003,
      314.975,
      4.064,
      0.051,
      3.968,
      0.003,
      0.429
    ],
    "std": [
      1.9121621270174882,
      0.1544538766104598,
      0.054690035655500596,
      222.78829047999778,
      28.20928754860681,
      0.3638667338463337,
      6.686327542081709,
      0.09482088377567495,
      2.8321297639762393
    ],
    "min": [
      0,
      0,
      0,
      0,
      0,
      0,
      0,
      0,
      0
    ],
    "max": [
      56,
      3,
      1,
      717,
      586,
      3,
      23,
      3,
      23
    ],
    "median": [
      0.0,
      0.0,
      0.0,
      518.0,
      0.0,
      0.0,
      1.0,
      0.0,
      0.0
    ],
    "q25": [
      0.0,
      0.0,
      0.0,
      90.0,
      0.0,
      0.0,
      1.0,
      0.0,
      0.0
    ],
    "q75": [
      0.0,
      0.0,
      0.0,
      518.0,
      0.0,
      0.0,
      2.0,
      0.0,
      0.0
    ],
    "n_zeros": [
      802,
      992,
      997,
      25,
      945,
      980,
      79,
      999,
      967
    ],
    "n_positives": [
      198,
      8,
      3,
      975,
      55,
      20,
      921,
      1,
      33
    ],
    "n_negatives": [
      0,
      0,
      0,
      0,
      0,
      0,
      0,
      0,
      0
    ],
    "missing_values": [
      0,
      0,
      0,
      0,
      0,
      0,
      0,
      0,
      0
    ],
    "skewness": [
      25.20800238262293,
      16.07433773501897,
      18.202472378796628,
      -0.14871984498522495,
      11.550275180045379,
      7.247118497436242,
      1.9767757007671412,
      31.622776601683785,
      6.791596020269958
    ],
    "kurtosis": [
      722.4820490284278,
      288.62128434915286,
      329.98997797407446,
      -1.8380047289619628,
      192.92053821076885,
      52.13442534085147,
      1.9955323763329544,
      1000.0,
      44.60192085200866
    ]
  }
}