{
  "Original (No Scaling)": {
    "mean": 16.83811111111111,
    "std": 80.27137245887913,
    "min": 0.0,
    "max": 2048.0,
    "range": 2048.0
  },
  "StandardScaler": {
    "mean": 1.973729821555834e-18,
    "std": 0.4714045207910321,
    "min": -0.7582969436046757,
    "max": 10.834130709935291,
    "range": 11.592427653539966
  },
  "MinMaxScaler": {
    "mean": 0.01280716475201732,
    "std": 0.05003860900033226,
    "min": 0.0,
    "max": 1.0,
    "range": 1.0
  },
  "RobustScaler": {
    "mean": 0.12086381925100588,
    "std": 0.8909835790764493,
    "min": -0.5,
    "max": 26.0,
    "range": 26.5
  }
}