{
  "test": {
    "dataset": "test",
    "shape": [
      1000,
      9
    ],
    "mean": [
      0.097,
      0.059,
      0.009,
      47.845,
      9.548,
      0.219,
      9.612,
      0.048,
      6.422
    ],
    "std": [
      0.3486990106094386,
      0.2520297601474884,
      0.09444045743218281,
      41.45934122727953,
      25.505640474216477,
      0.8056295674812282,
      16.11631024769625,
      0.30609802351533993,
      17.018634375295786
    ],
    "min": [
      0,
      0,
      0,
      0,
      0,
      0,
      0,
      0,
      0
    ],
    "max": [
      4,
      2,
      1,
      221,
      178,
      10,
      75,
      4,
      80
    ],
    "median": [
      0.0,
      0.0,
      0.0,
      41.0,
      0.0,
      0.0,
      2.0,
      0.0,
      0.0
    ],
    "q25": [
      0.0,
      0.0,
      0.0,
      16.0,
      0.0,
      0.0,
      0.0,
      0.0,
      0.0
    ],
    "q75": [
      0.0,
      0.0,
      0.0,
      70.0,
      1.0,
      0.0,
      9.0,
      0.0,
      0.0
    ],
    "n_zeros": [
      917,
      945,
      991,
      137,
      700,
      889,
      300,
      970,
      797
    ],
    "n_positives": [
      83,
      55,
      9,
      863,
      300,
      111,
      700,
      30,
      203
    ],
    "n_negatives": [
      0,
      0,
      0,
      0,
      0,
      0,
      0,
      0,
      0
    ],
    "missing_values": [
      0,
      0,
      0,
      0,
      0,
      0,
      0,
      0,
      0
    ],
    "skewness": [
      4.41016141048155,
      4.476277819903235,
      10.413713101215164,
      1.1914582989315758,
      3.5962953666272224,
      5.55846762807445,
      2.1568954605127666,
      7.696205722301264,
      2.7938154569771134
    ],
    "kurtosis": [
      25.787024730785376,
      21.097227115154972,
      106.65873444636397,
      1.6533563259173722,
      15.208349100049398,
      40.34962746349068,
      4.043017338490781,
      67.55486455272327,
      6.771385806870361
    ]
  },
  "train": {
    "dataset": "train",
    "shape": [
      1000,
      9
    ],
    "mean": [
      0.286,
      0.053,
      0.013,
      42.327,
      5.155,
      0.306,
      4.628,
      0.06,
      3.236
    ],
    "std": [
      0.740407995634842,
      0.2649358412899229,
      0.1372260908136631,
      37.492053438028776,
      15.524077267264662,
      0.7578680623960855,
      8.39390350194712,
      0.3469870314579519,
      13.94246405769068
    ],
    "min": [
      0,
      0,
      0,
      0,
      0,
      0,
      0,
      0,
      0
    ],
    "max": [
      13,
      4,
      3,
      245,
      158,
      6,
      152,
      5,
      154
    ],
    "median": [
      0.0,
      0.0,
      0.0,
      33.0,
      0.0,
      0.0,
      2.0,
      0.0,
      0.0
    ],
    "q25": [
      0.0,
      0.0,
      0.0,
      16.0,
      0.0,
      0.0,
      1.0,
      0.0,
      0.0
    ],
    "q75": [
      0.0,
      0.0,
      0.0,
      60.0,
      1.0,
      0.0,
      6.0,
      0.0,
      0.0
    ],
    "n_zeros": [
      794,
      954,
      989,
      92,
      675,
      802,
      249,
      959,
      848
    ],
    "n_positives": [
      206,
      46,
      11,
      908,
      325,
      198,
      751,
      41,
      152
    ],
    "n_negatives": [
      0,
      0,
      0,
      0,
      0,
      0,
      0,
      0,
      0
    ],
    "missing_values": [
      0,
      0,
      0,
      0,
      0,
      0,
      0,
      0,
      0
    ],
    "skewness": [
      6.771145563724197,
      6.769138337750708,
      14.054343904618632,
      1.523059075506042,
      4.425291334463325,
      3.442124389994981,
      7.763957716672212,
      8.105373965522672,
      7.508671417847528
    ],
    "kurtosis": [
      91.21268457587487,
      64.95315616951902,
      249.50255638475545,
      3.2096287435345414,
      24.552111865172524,
      14.701245346402176,
      106.5163708188892,
      81.31279603696343,
      69.02110395210339
    ]
  },
  "val": {
    "dataset": "val",
    "shape": [
      1000,
      9
    ],
    "mean": [
      0.08,
      0.02,
      0.011,
      48.74,
      9.299,
      0.122,
      9.351,
      0.054,
      7.625
    ],
    "std": [
      0.42379240200834767,
      0.16613247725836108,
      0.10430244484191172,
      58.687225185725076,
      25.3918805723405,
      0.5206880063915394,
      17.59323162469025,
      0.43483790083202184,
      21.138362637631136
    ],
    "min": [
      0,
      0,
      0,
      0,
      0,
      0,
      0,
      0,
      0
    ],
    "max": [
      8,
      3,
      1,
      305,
      204,
      6,
      94,
      10,
      110
    ],
    "median": [
      0.0,
      0.0,
      0.0,
      28.0,
      0.0,
      0.0,
      4.0,
      0.0,
      0.0
    ],
    "q25": [
      0.0,
      0.0,
      0.0,
      8.0,
      0.0,
      0.0,
      0.0,
      0.0,
      0.0
    ],
    "q75": [
      0.0,
      0.0,
      0.0,
      59.0,
      1.25,
      0.0,
      10.0,
      0.0,
      0.0
    ],
    "n_zeros": [
      937,
      983,
      989,
      177,
      696,
      922,
      282,
      970,
      768
    ],
    "n_positives": [
      63,
      17,
      11,
      823,
      304,
      78,
      718,
      30,
      232
    ],
    "n_negatives": [
      0,
      0,
      0,
      0,
      0,
      0,
      0,
      0,
      0
    ],
    "missing_values": [
      0,
      0,
      0,
      0,
      0,
      0,
      0,
      0,
      0
    ],
    "skewness": [
      11.847329661753529,
      10.557456183601118,
      9.390669785430628,
      1.7446584545154822,
      4.629669718640684,
      6.278284751112174,
      3.736634642342229,
      15.045656986506366,
      3.1535864885402276
    ],
    "kurtosis": [
      193.99732190299306,
      139.56737888523787,
      86.3573901410458,
      2.2888429407962883,
      27.984314927547757,
      49.1357747378836,
      14.398307599358995,
      297.7107073745317,
      8.945826295297307
    ]
  }
}