sign_pattern,count,percentage
pos_pos,13438,95.3049645390071
neg_pos,264,1.872340425531915
neg_neg,304,2.1560283687943262
pos_neg,94,0.6666666666666667
