{
  "task1_status": "COMPLETED",
  "weighted_algorithm_accuracy": 0.9724137931034482,
  "binary_algorithm_accuracy": 0.9133333333333333,
  "accuracy_improvement_percent": 6.468663478479733,
  "weighted_algorithm_f1": 0.986013986013986,
  "binary_algorithm_f1": 0.9514925373134329,
  "f1_improvement_percent": 3.6281365693130403,
  "objective_achieved": true,
  "classmate_priority_1_status": "COMPLETE"
}