{
  "Epinions Original": {
    "basic_stats": {
      "num_nodes": 131828,
      "num_edges": 841372,
      "graph_density": 4.841456374018419e-05,
      "positive_edges": 717667,
      "negative_edges": 123705,
      "zero_edges": 0,
      "positive_ratio": 0.8529722881198804,
      "negative_ratio": 0.14702771188011962,
      "min_weight": -1,
      "max_weight": 1,
      "mean_weight": 0.7059445762397608,
      "std_weight": 0.7082670790582212,
      "avg_in_degree": 6.3823466941772615,
      "max_in_degree": 3478,
      "avg_out_degree": 6.3823466941772615,
      "max_out_degree": 2070,
      "weakly_connected_components": 5816,
      "strongly_connected_components": 88609,
      "largest_wcc_size": 119130,
      "largest_wcc_ratio": 0.903677519191674,
      "largest_scc_size": 41441,
      "largest_scc_ratio": 0.314356585854295
    },
    "edge_signs": {
      "positive_count": 717667,
      "negative_count": 123705,
      "zero_count": 0,
      "positive_ratio": 0.8529722881198804,
      "negative_ratio": 0.14702771188011962,
      "balance_vs_bitcoin": 0.03702771188011966
    },
    "scale_comparison": {
      "nodes_ratio": 22.41591566060194,
      "edges_ratio": 23.639357158912116
    },
    "embeddedness_metrics": {},
    "weight_metrics": {
      "total_edges": 841372,
      "positive_edges": 717667,
      "negative_edges": 123705,
      "positive_ratio": 0.8529722881198804,
      "negative_ratio": 0.14702771188011962,
      "weight_range": [
        -1.0,
        1.0
      ],
      "weight_mean": 0.7059445762397608,
      "weight_median": 1.0,
      "weight_std": 0.7082670790582212,
      "positive_weights_mean": 1.0,
      "positive_weights_std": 0.0,
      "negative_weights_mean": -1.0,
      "negative_weights_std": 0.0
    }
  },
  "Bitcoin OTC": {
    "basic_stats": {
      "num_nodes": 5881,
      "num_edges": 35592,
      "graph_density": 0.0010292571373048454,
      "positive_edges": 32029,
      "negative_edges": 3563,
      "zero_edges": 0,
      "positive_ratio": 0.8998932344347045,
      "negative_ratio": 0.10010676556529557,
      "min_weight": -10.0,
      "max_weight": 10.0,
      "mean_weight": 1.0120251741964486,
      "std_weight": 3.5620438145712443,
      "avg_in_degree": 6.052031967352491,
      "max_in_degree": 535,
      "avg_out_degree": 6.052031967352491,
      "max_out_degree": 763,
      "weakly_connected_components": 4,
      "strongly_connected_components": 1144,
      "largest_wcc_size": 5875,
      "largest_wcc_ratio": 0.9989797653460296,
      "largest_scc_size": 4709,
      "largest_scc_ratio": 0.8007141642577793
    },
    "edge_signs": {
      "positive_count": 32029,
      "negative_count": 3563,
      "zero_count": 0,
      "positive_ratio": 0.8998932344347045,
      "negative_ratio": 0.10010676556529557,
      "balance_vs_bitcoin": 0.009893234434704468
    },
    "scale_comparison": {
      "nodes_ratio": 1.0,
      "edges_ratio": 1.0
    },
    "embeddedness_metrics": {
      "total_edges_analyzed": 35592,
      "embeddedness_range": [
        0,
        106
      ],
      "embeddedness_mean": 4.693976174421218,
      "embeddedness_median": 2.0,
      "embeddedness_std": 8.047836141976267,
      "zero_embeddedness_count": 10656,
      "zero_embeddedness_percentage": 29.93931220498989,
      "embeddedness_distribution": {
        "10": 512,
        "2": 3810,
        "11": 534,
        "18": 219,
        "1": 6397,
        "0": 10656,
        "3": 2562,
        "17": 247,
        "4": 1921,
        "15": 279,
        "13": 406,
        "12": 453,
        "9": 685,
        "31": 53,
        "8": 726,
        "14": 338,
        "5": 1423,
        "6": 1114,
        "7": 971,
        "27": 85,
        "23": 125,
        "16": 270,
        "65": 2,
        "82": 2,
        "21": 152,
        "25": 100,
        "28": 79,
        "42": 23,
        "19": 193,
        "36": 36,
        "22": 155,
        "32": 57,
        "55": 10,
        "43": 21,
        "56": 11,
        "44": 14,
        "20": 179,
        "52": 14,
        "29": 69,
        "24": 116,
        "34": 28,
        "54": 7,
        "33": 44,
        "39": 22,
        "45": 36,
        "46": 9,
        "35": 37,
        "61": 11,
        "49": 10,
        "74": 10,
        "38": 13,
        "30": 52,
        "40": 31,
        "47": 6,
        "37": 27,
        "26": 99,
        "41": 22,
        "59": 5,
        "48": 7,
        "50": 9,
        "77": 7,
        "62": 7,
        "93": 2,
        "57": 4,
        "80": 4,
        "73": 2,
        "51": 6,
        "58": 8,
        "68": 4,
        "60": 7,
        "64": 6,
        "106": 2,
        "89": 2,
        "95": 2,
        "102": 1,
        "72": 6,
        "53": 4,
        "71": 4,
        "98": 1,
        "66": 2,
        "69": 1,
        "75": 2,
        "90": 2,
        "67": 2
      },
      "calculation_time_seconds": 0.21805167198181152,
      "percentile_25": 0.0,
      "percentile_50": 2.0,
      "percentile_75": 5.0,
      "percentile_90": 13.0,
      "percentile_95": 20.0
    },
    "weight_metrics": {
      "total_edges": 35592,
      "positive_edges": 32029,
      "negative_edges": 3563,
      "positive_ratio": 0.8998932344347045,
      "negative_ratio": 0.10010676556529557,
      "weight_range": [
        -10.0,
        10.0
      ],
      "weight_mean": 1.0120251741964486,
      "weight_median": 1.0,
      "weight_std": 3.5620438145712443,
      "positive_weights_mean": 1.9653126853788754,
      "positive_weights_std": 1.8659238153877342,
      "negative_weights_mean": -7.5573954532697165,
      "negative_weights_std": 3.720784316934805
    }
  }
}